{"cameraMode":{"drawMode":0,"name":"Shaded","section":"Shading Mode"},"sceneLighting":false,"audioPlay":false,"sceneViewState":{"m_AlwaysRefresh":false,"showFog":true,"showSkybox":false,"showFlares":true,"showImageEffects":true,"showParticleSystems":true,"showVisualEffectGraphs":true,"m_FxEnabled":true},"in2DMode":false,"pivot":{"x":22.030248641967775,"y":-1.5642077922821046,"z":4.773525714874268},"rotation":{"x":0.016862167045474054,"y":-0.9816077947616577,"z":0.1592322736978531,"w":0.10429084300994873},"size":12.12435531616211,"orthographic":false}