{"cameraMode":{"drawMode":0,"name":"Shaded","section":"Shading Mode"},"sceneLighting":false,"audioPlay":false,"sceneViewState":{"m_AlwaysRefresh":false,"showFog":true,"showSkybox":false,"showFlares":true,"showImageEffects":true,"showParticleSystems":true,"showVisualEffectGraphs":true,"m_FxEnabled":true},"in2DMode":false,"pivot":{"x":-9.932507514953614,"y":4.905756950378418,"z":-14.140236854553223},"rotation":{"x":-0.027077795937657357,"y":-0.9568650722503662,"z":-0.09479507803916931,"w":0.27335628867149355},"size":11.474629402160645,"orthographic":false}